<?xml version="1.0" encoding="utf-8"?>
<example id="InlineEditing" usedb="true">
	<title>Inline Editing</title>
	<metakeywords>php grid, php ajax grid, php datagrid, php gridview, ajax grid php</metakeywords>	 
	<metadescription>KoolGrid support inline row editing.</metadescription>
	<description>
		<![CDATA[ 
<p>
KoolGrid support inline row editing. If you want MasterTable is in inline editing mode, you can set:
</p>
<b>$grid->MasterTable->EditSettings->Mode = "Inline";</b>
		]]>		
	</description>
	
	<samplecodes>
		<code header="Example.php">
			<![CDATA[
<?php
	require $KoolControlsFolder."/KoolAjax/koolajax.php";
	$koolajax->scriptFolder = $KoolControlsFolder."/KoolAjax";

	require $KoolControlsFolder."/KoolGrid/koolgrid.php";
	require $KoolControlsFolder."/KoolCalendar/koolcalendar.php";
	
		
	$ds = new MySQLDataSource($db_con);//This $db_con link has been created inside KoolPHPSuite/Resources/runexample.php
	$ds->SelectCommand = "select orderNumber,orderDate,status,comments from orders";
	$ds->UpdateCommand = "update orders set orderDate='@orderDate', status='@status', comments='@comments' where orderNumber=@orderNumber";
	$ds->DeleteCommand = "delete from orders where orderNumber=@orderNumber";

	$grid = new KoolGrid("grid");
	$grid->scriptFolder = $KoolControlsFolder."/KoolGrid";
	$grid->styleFolder="default";

	$grid->AjaxEnabled = true;
	$grid->DataSource = $ds;
	$grid->MasterTable->Pager = new GridPrevNextAndNumericPager();
	$grid->Width = "655px";
	$grid->ColumnWrap = true;
	$grid->AllowEditing = true;
	$grid->AllowDeleting = true;

	$column = new GridBoundColumn();
	$column->DataField = "orderNumber";
	$column->ReadOnly = true;
	$grid->MasterTable->AddColumn($column);

	$column = new GridDateTimeColumn();
	$column->DataField = "orderDate";
	$column->HeaderText = "OrderNumber";
	$column->FormatString = "M d, Y";
	//Assign datepicker for GridDateTimeColumn, this is optional.
	$column->Picker = new KoolDatePicker();
	$column->Picker->scriptFolder = $KoolControlsFolder."/KoolCalendar";
	$column->Picker->styleFolder = "default";	
	$column->Picker->DateFormat = "M d, Y";
	
	$grid->MasterTable->AddColumn($column);

	$column = new GridDropDownColumn();
	$column->DataField = "status";
	$column->HeaderText = "Status";
	$column->AddItem("In Process");
	$column->AddItem("On Hold");
	$column->AddItem("Disputed");
	$column->AddItem("Cancelled");	
	$column->AddItem("Resolved");	
	$column->AddItem("Shipped");
	$grid->MasterTable->AddColumn($column);

	$column = new GridTextAreaColumn();
	$column->DataField = "comments";
	$column->HeaderText = "Comments";
	$column->Width = "200px";
	$grid->MasterTable->AddColumn($column);

	$column = new GridEditDeleteColumn();
	$column->Align = "center";
	$grid->MasterTable->AddColumn($column);
	
	$grid->MasterTable->EditSettings->Mode = "Inline";//"Inline" is default value;
	
	$grid->Process();
?>

<form id="form1" method="post">
	<?php echo $koolajax->Render();?>
	<?php echo $grid->Render();?>
</form>
			]]>			
		</code>			
	</samplecodes>
	<docs>
		<doc link="http://doc.koolphp.net/Controls/KoolGrid/PHP/EditSettings/index.php#Mode">EditSettings::Mode</doc>
	</docs>
</example>
