<?xml version="1.0" encoding="utf-8"?>
<example id="Change_Filename" usedb="true">
	<title>Change Filename</title>
	<metakeywords>php grid, php ajax grid, php datagrid, php gridview, ajax grid php</metakeywords>	 
	<metadescription>KoolGrid is able to export the data in PDF format.</metadescription>
	<description>
		<![CDATA[ 
<p>
The filename which KoolGrid export can be changed by using property FileName of ExportSettings.
</p>
<p>
<b>$grid->ExportSettings->FileName="Report";</b>
</p>
<p>
<i>Note:</i> The file extension will be added according to the exporting function that you called. For example, if you call <b>ExportToPDF()</b>, the extension <b>".pdf"</b> will be attached to the filename.
</p>


		]]>		
	</description>
	
	<samplecodes>
		<code header="Example.php">
			<![CDATA[
<?php
	require_once $KoolControlsFolder."/KoolGrid/library/tcpdf/config/lang/eng.php";
	require_once $KoolControlsFolder."/KoolGrid/library/tcpdf/tcpdf.php";

	require $KoolControlsFolder."/KoolAjax/koolajax.php";
	$koolajax->scriptFolder = $KoolControlsFolder."/KoolAjax";

	require $KoolControlsFolder."/KoolGrid/koolgrid.php";
	$ds = new MySQLDataSource($db_con);//This $db_con link has been created inside KoolPHPSuite/Resources/runexample.php
	$ds->SelectCommand = "select customerNumber,customerName,phone,city from customers";

	$grid = new KoolGrid("grid");
	$grid->scriptFolder = $KoolControlsFolder."/KoolGrid";
	$grid->styleFolder="default";
	$grid->DataSource = $ds;
	$grid->Width = "655px";

	//Enable Ajax Mode
	$grid->AjaxEnabled = true;
	//Add loading image
	$grid->AjaxLoadingImage =  $KoolControlsFolder."/KoolAjax/loading/5.gif";

	$grid->RowAlternative = true;
	$grid->AutoGenerateColumns = true;		
	$grid->MasterTable->Pager = new GridPrevNextAndNumericPager();
	$grid->Process();
	
	if(isset($_POST["FileName"]))
	{
		$grid->ExportSettings->FileName = $_POST["FileName"];
	}	
	if(isset($_POST["ExportToPDF"]))
	{
		ob_end_clean();
		$grid->GetInstanceMasterTable()->ExportToPDF();
	}	
	
?>

<form id="form1" method="post">
	<?php echo $koolajax->Render();?>
	<div style="margin-bottom:10px;padding:10px;width:635px;background:#DFF3FF;border:solid 1px #C6E1F2;">
		Enter filename: 
		<br/>
		<input type="textbox" id="FileName" name="FileName" value="<?php echo $grid->ExportSettings->FileName?>"/>
		<br/><br/>
		<input type="submit" name="ExportToPDF" value = "Export to PDF" />
	</div>	
	<?php echo $grid->Render();?>
	
</form>
			]]>			
		</code>			
	</samplecodes>
	<docs>
		<doc link="http://doc.koolphp.net/Controls/KoolGrid/PHP/GridTableView/index.php#ExportToExcel">PHP::GridTableView::ExportToExcel()</doc>
		<doc link="http://doc.koolphp.net/Controls/KoolGrid/PHP/GridTableView/index.php#ExportToWord">PHP::GridTableView::ExportToWord()</doc>
		<doc link="http://doc.koolphp.net/Controls/KoolGrid/PHP/GridTableView/index.php#ExportToCSV">PHP::GridTableView::ExportToCSV()</doc>
		<doc link="http://doc.koolphp.net/Controls/KoolGrid/PHP/GridTableView/index.php#ExportToPDF">PHP::GridTableView::ExportToPDF()</doc>
		<doc link="http://doc.koolphp.net/Controls/KoolGrid/PHP/ExportSettings/index.php#IgnorePaging">PHP::ExportSettings::IgnorePaging</doc>
		<doc link="http://doc.koolphp.net/Controls/KoolGrid/PHP/ExportSettings/index.php#FileName">PHP::ExportSettings::FileName</doc>
	</docs>
</example>
