<?xml version="1.0" encoding="utf-8"?>
<example id="RegisterEvent" usedb="false">
	<title>RegisterEvent </title>
	<metakeywords>php menu, php slidemenu,php slide menu, ajax menu, php ajax menu,sliding menu, vertical menu </metakeywords>	 
	<metadescription>KoolSlideMenu is very Easy-to-Use PHP Slide Menu. Based on Semantic rendering, Advanced CSS together with natural Sliding effect, KoolSlideMenu is Super Fast in rendering, Highly Appearance-Customizable and Elegant Behaviors,  all making it stand out to be Excellent Choice for your Site Navigation.</metadescription>
	<description>
		<![CDATA[ 
<p>
KoolSlideMenu supports rich client-side event handling. With the use of <b>registerEvent() </b>, you can bind your function to an event.
</p>
<p>
<i>*Note:</i> Returning <b>false</b> in "OnBefore..." handle function will result in cancelling user action.
</p>
		]]>		
	</description>
	
	<samplecodes>
		<code header="Example.php">
			<![CDATA[
<?php
	require $KoolControlsFolder."/KoolSlideMenu/koolslidemenu.php";	
	$ksm = new KoolSlideMenu("ksm");
	$ksm->scriptFolder =  $KoolControlsFolder."/KoolSlideMenu";	
	$ksm->styleFolder = $KoolControlsFolder."KoolSlideMenu/styles/redgray";
	$ksm->addParent("root","company","Company");
	$ksm->addChild("company","about","About Us");
	$ksm->addChild("company","news","Company News");
	$ksm->addChild("company","contact","Contact us");

	$ksm->addParent("root","products","Products");
	$ksm->addChild("products","koolajax","KoolAjax");
	$ksm->addChild("products","kooltreeview","KoolTreeView");
	$ksm->addChild("products","koolslidemenu","KoolSlideMenu");	
	
	$ksm->addParent("root","services","Services");
	$ksm->addChild("services","outsourcing","Out-sourcing");
	$ksm->addChild("services","freelancer","Free-lancer");	
	
	$ksm->width="200px";
	$ksm->singleExpand = true;	
?>
<form id="form1" method="post">
	<style type="text/css">
		.box
		{
			float:left;
			width:280px;
			height:180px;
			margin:10px;
			padding:10px;
		}
		.focus
		{
			background:#DFF3FF;
			border:solid 1px #C6E1F2;			
		}
		.clear
		{
			clear:both;
		}
		#eventlog
		{
			overflow:auto;
			overflow-X:hidden;
			height : 150px;
		}	
	</style>

	<div class="box">
		<?php echo $ksm->Render();?>		
	</div>
	<div class="box focus">
		<b>Client-side events:  </b><hr/>
		<div id="eventlog"></div>		
	</div>
	<div class="clear"></div>
		
	<script type="text/javascript">
		ksm.registerEvent("OnBeforeSelect",function(sender,arg){
			
			if (confirm("Select ["+arg.ItemId+"] item?"))
			{
				writelog("Selecting " + arg.ItemId + " was approved");	
				return true;
			}
			else
			{
				writelog("Selecting " + arg.ItemId + " was cancelled");	
				return false;
				
			}						
		});

		ksm.registerEvent("OnSelect",function(sender,arg){
			writelog("You selected " + arg.ItemId);
		});
		
		ksm.registerEvent("OnExpand",function(sender,arg){
			writelog("You expanded " + arg.ItemId);
		});
		ksm.registerEvent("OnCollapse",function(sender,arg){
			writelog("You collapsed " + arg.ItemId);
		});
		function writelog(_text)
		{
			var _eventlog = document.getElementById("eventlog");
			_eventlog.innerHTML +="<div style='white-space:nowrap;'>"+_text+"</div>";
			_eventlog.scrollTop = 9999;
		}		
	</script>
</form>
			]]>			
		</code>			
	</samplecodes>
	<docs>
		<doc link="http://doc.koolphp.net/Controls/KoolSlideMenu/Javascript/KoolSlideMenu_Class/index.php#registerEvent">Javascript :: KoolSlideMenu :: registerEvent()</doc>
	</docs>
</example>
