<?xml version="1.0" encoding="utf-8"?>
<example id="Three_Levels_Hierarchy" usedb="true">
	<title>Three-Levels Hierarchy</title>
	<metakeywords>php grid, php ajax grid, php datagrid, php gridview, ajax grid php</metakeywords>	 
	<metadescription>KoolGrid support unlimited levels of table details.</metadescription>
	<description>
		<![CDATA[ 
<p>
KoolGrid support <b>unlimited</b> levels of table details.
</p>
<p>
In above example, A three level hierarchy is demonstrated with  <b><i>Customer</i></b> Master Table and two nested Detail Tables  <b><i>Orders</i></b> and  <b><i>OrderDetails</i></b>. 
</p>
		]]>		
	</description>
	
	<samplecodes>
		<code header="Example.php">
			<![CDATA[
<?php
	require $KoolControlsFolder."/KoolAjax/koolajax.php";
	$koolajax->scriptFolder = $KoolControlsFolder."/KoolAjax";

	require $KoolControlsFolder."/KoolGrid/koolgrid.php";
	$ds_customer = new MySQLDataSource($db_con);//This $db_con link has been created inside KoolPHPSuite/Resources/runexample.php
	$ds_customer->SelectCommand = "select customerNumber,customerName,phone,city from customers";

	$ds_order = new MySQLDataSource($db_con);//This $db_con link has been created inside KoolPHPSuite/Resources/runexample.php
	$ds_order->SelectCommand = "select orderNumber,orderDate,status,customerNumber from orders";

	$ds_order_detail = new MySQLDataSource($db_con);//This $db_con link has been created inside KoolPHPSuite/Resources/runexample.php
	$ds_order_detail->SelectCommand = "select orderNumber,productName,quantityOrdered,priceEach from orderdetails,products where orderdetails.productCode=products.productCode";


	$grid = new KoolGrid("grid");
	$grid->scriptFolder = $KoolControlsFolder."/KoolGrid";
	$grid->styleFolder="default";
	$grid->Width = "655px";
	$grid->RowAlternative = true;
	$grid->AjaxEnabled = true;
	$grid->AjaxLoadingImage =  $KoolControlsFolder."/KoolAjax/loading/5.gif";
	

	$table_order_detail = new GridTableView();
	$table_order_detail->Width = "100%";
	$table_order_detail->DataSource = $ds_order_detail;
	$table_order_detail->AddRelationField("orderNumber","orderNumber");
	$table_order_detail->AutoGenerateColumns = true;//Auto Generate all column from tables
	$table_order_detail->DisableAutoGenerateDataFields = "orderNumber";//Disable generate column for orderNumber data fields.

	$table_order = new GridTableView();
	$table_order->Width = "100%";	
	$table_order->DataSource = $ds_order;
	$table_order->AddRelationField("customerNumber","customerNumber");
	$table_order->AutoGenerateExpandColumn = true;
	$table_order->AutoGenerateColumns = true;
	$table_order->DisableAutoGenerateDataFields = "customerNumber";
	$table_order->AddDetailTable($table_order_detail);
	


	$grid->MasterTable->DataSource = $ds_customer;
	$grid->MasterTable->AutoGenerateExpandColumn = true;
	$grid->MasterTable->AutoGenerateColumns = true;
	$grid->MasterTable->AddDetailTable($table_order);

	$grid->MasterTable->Pager = new GridPrevNextAndNumericPager();
	$grid->Process();
?>

<form id="form1" method="post">
	<?php echo $koolajax->Render();?>
	<?php echo $grid->Render();?>
</form>

			]]>			
		</code>			
	</samplecodes>
	<docs>
		<doc link="http://doc.koolphp.net/Controls/KoolGrid/PHP/GridTableView/index.php#AddDetailTable">GridTableView::AddDetailTable()</doc>
		<doc link="http://doc.koolphp.net/Controls/KoolGrid/PHP/GridTableView/index.php#AddRelationField">GridTableView::AddRelationField()</doc>
	</docs>
</example>
